{
    "loss": 1.113963007926941,
    "accuracy": 0.8333333134651184
}